Stats,Round1,Round2,Round3,Round4,Total,player_id
Eagles,0,0,0,0,0,1281599
Birdies,3,6,5,4,18,1281599
Pars,12,10,11,10,43,1281599
Bogeys,3,2,1,4,10,1281599
Double Bogeys,0,0,0,0,0,1281599
Fairways Hit,10,9,7,10,36,1281599
Greens in Regulation,11,12,12,14,49,1281599
Scrambling,71.43,66.67,66.67,50.00,65.22,1281599
Total Putts,"1.34 m4'5"" yd","1.57 m5'2"" yd","1.45 m4'9"" yd","1.31 m4'4"" yd","1.42 m4'8"" yd",1281599
Sand Saves,1,2,1,1,5,1281599
Driving Distance,"231.2 m252.8 yd","224.9 m246.0 yd","224.0 m244.9 yd","218.8 m239.3 yd","224.7 m245.8 yd",1281599
Approach Shot Distance to Pin,"9.39 m30'10"" yd","13 m42'7"" yd","12 m38'10"" yd","9.06 m29'9"" yd","11 m35'6"" yd",1281599
Strokes Gained - Off the Tee,0.720,0.005,-0.938,0.479,0.266,1281599
Strokes Gained - Approach the Green,-0.286,-0.854,0.484,0.345,-0.311,1281599
Strokes Gained - Around the Green,-0.342,2.458,0.767,0.247,3.130,1281599
Strokes Gained - Putting,0.441,1.058,0.221,-2.365,-0.645,1281599
Strokes Gained - Total,0.533,2.667,0.534,-1.294,2.440,1281599
Eagles,0,0,0,0,0,1296243
Birdies,5,0,4,6,15,1296243
Pars,8,12,12,10,42,1296243
Bogeys,3,6,1,2,12,1296243
Double Bogeys,2,0,1,0,3,1296243
Fairways Hit,9,6,11,8,34,1296243
Greens in Regulation,13,9,15,10,47,1296243
Scrambling,20.00,44.44,33.33,75.00,48.00,1296243
Total Putts,"1.26 m4'2"" yd","0.65 m2'2"" yd","0.83 m2'9"" yd","1.75 m5'9"" yd","1.12 m3'8"" yd",1296243
Sand Saves,1,0,0,1,2,1296243
Driving Distance,"229.4 m250.9 yd","227.9 m249.2 yd","227.9 m249.2 yd","226.6 m247.9 yd","227.9 m249.3 yd",1296243
Approach Shot Distance to Pin,"8.80 m28'10"" yd","13 m42'3"" yd","8.91 m29'3"" yd","9.10 m29'10"" yd","9.92 m32'7"" yd",1296243
Strokes Gained - Off the Tee,0.743,-1.411,1.058,0.634,1.024,1296243
Strokes Gained - Approach the Green,1.033,-2.710,0.376,0.753,-0.548,1296243
Strokes Gained - Around the Green,-1.372,-0.110,0.469,-1.403,-2.416,1296243
Strokes Gained - Putting,-1.890,-3.085,-1.376,2.714,-3.637,1296243
Strokes Gained - Total,-1.486,-7.316,0.527,2.698,-5.577,1296243
Eagles,0,1,1,0,2,1303990
Birdies,2,4,1,5,12,1303990
Pars,14,7,15,8,44,1303990
Bogeys,2,5,1,5,13,1303990
Double Bogeys,0,1,0,0,1,1303990
Fairways Hit,7,5,6,6,24,1303990
Greens in Regulation,11,11,12,8,42,1303990
Scrambling,85.71,14.29,100.00,50.00,60.00,1303990
Total Putts,"1.05 m3'5"" yd","1.28 m4'3"" yd","0.96 m3'2"" yd","1.97 m6'6"" yd","1.32 m4'4"" yd",1303990
Sand Saves,2,2,0,1,5,1303990
Driving Distance,"243.4 m266.2 yd","233.5 m255.4 yd","238.4 m260.7 yd","230.5 m252.1 yd","236.6 m258.7 yd",1303990
Approach Shot Distance to Pin,"9.39 m30'10"" yd","11 m37'6"" yd","9.21 m30'2"" yd","13 m43'4"" yd","11 m35'6"" yd",1303990
Strokes Gained - Off the Tee,0.267,-0.905,-0.124,-0.727,-1.489,1303990
Strokes Gained - Approach the Green,0.799,-0.378,1.166,-2.447,-0.860,1303990
Strokes Gained - Around the Green,-0.332,-0.972,2.000,-1.094,-0.398,1303990
Strokes Gained - Putting,-0.201,-0.081,-1.522,3.022,1.218,1303990
Strokes Gained - Total,0.533,-2.336,1.520,-1.246,-1.529,1303990
Eagles,0,0,0,0,0,1303992
Birdies,2,2,5,6,15,1303992
Pars,13,15,11,9,48,1303992
Bogeys,2,1,2,3,8,1303992
Double Bogeys,1,0,0,0,1,1303992
Fairways Hit,7,8,6,6,27,1303992
Greens in Regulation,12,15,14,12,53,1303992
Scrambling,50.00,66.67,50.00,50.00,52.63,1303992
Total Putts,"1.02 m3'4"" yd","1.22 m4'0"" yd","1.54 m5'1"" yd","1.44 m4'8"" yd","1.30 m4'3"" yd",1303992
Sand Saves,0,0,0,0,0,1303992
Driving Distance,"243.6 m266.4 yd","247.5 m270.6 yd","250.6 m274.1 yd","235.9 m257.9 yd","244.4 m267.3 yd",1303992
Approach Shot Distance to Pin,"8.11 m26'7"" yd","11 m36'10"" yd","9.72 m31'11"" yd","10 m34'1"" yd","9.86 m32'4"" yd",1303992
Strokes Gained - Off the Tee,0.298,1.146,0.602,-0.294,1.752,1303992
Strokes Gained - Approach the Green,1.376,-0.717,1.440,1.542,3.641,1303992
Strokes Gained - Around the Green,-2.081,0.246,-0.587,-1.832,-4.254,1303992
Strokes Gained - Putting,-1.082,-0.993,1.082,2.258,1.265,1303992
Strokes Gained - Total,-1.489,-0.318,2.537,1.674,2.404,1303992
Eagles,0,0,0,0,0,1311552
Birdies,0,4,1,4,9,1311552
Pars,13,10,15,11,49,1311552
Bogeys,5,3,2,3,13,1311552
Double Bogeys,0,1,0,0,1,1311552
Fairways Hit,9,7,7,8,31,1311552
Greens in Regulation,10,9,10,11,40,1311552
Scrambling,50.00,55.56,75.00,57.14,59.38,1311552
Total Putts,"1.10 m3'7"" yd","1.68 m5'6"" yd","1.59 m5'3"" yd","1.07 m3'6"" yd","1.36 m4'6"" yd",1311552
Sand Saves,0,2,2,2,6,1311552
Driving Distance,"224.5 m245.5 yd","227.6 m248.9 yd","226.3 m247.5 yd","211.4 m231.1 yd","222.4 m243.3 yd",1311552
Approach Shot Distance to Pin,"11 m37'8"" yd","14 m45'4"" yd","15 m50'10"" yd","11 m35'2"" yd","13 m42'3"" yd",1311552
Strokes Gained - Off the Tee,0.354,-1.585,-0.725,-1.313,-3.269,1311552
Strokes Gained - Approach the Green,-2.628,-1.722,-1.931,0.631,-5.650,1311552
Strokes Gained - Around the Green,-1.449,-0.711,-0.022,1.128,-1.054,1311552
Strokes Gained - Putting,-0.751,1.696,1.202,-0.760,1.387,1311552
Strokes Gained - Total,-4.474,-2.322,-1.476,-0.314,-8.586,1311552
Eagles,0,0,0,0,0,1312000
Birdies,5,5,5,5,20,1312000
Pars,12,13,11,11,47,1312000
Bogeys,1,0,2,2,5,1312000
Double Bogeys,0,0,0,0,0,1312000
Fairways Hit,10,10,13,5,38,1312000
Greens in Regulation,13,12,17,10,52,1312000
Scrambling,80.00,100.00,0.00,75.00,80.00,1312000
Total Putts,"1.88 m6'2"" yd","1.74 m5'9"" yd","1.88 m6'2"" yd","1.79 m5'10"" yd","1.82 m6'0"" yd",1312000
Sand Saves,1,1,0,2,4,1312000
Driving Distance,"209.1 m228.7 yd","211.9 m231.8 yd","207.4 m226.9 yd","204.8 m224.0 yd","208.3 m227.8 yd",1312000
Approach Shot Distance to Pin,"9.00 m29'6"" yd","8.77 m28'9"" yd","8.78 m28'10"" yd","13 m41'9"" yd","9.83 m32'3"" yd",1312000
Strokes Gained - Off the Tee,-0.350,-0.433,-0.112,-1.266,-2.161,1312000
Strokes Gained - Approach the Green,0.964,0.130,0.198,-0.877,0.415,1312000
Strokes Gained - Around the Green,0.547,0.578,0.183,-0.177,1.131,1312000
Strokes Gained - Putting,3.362,3.394,2.252,4.011,13.019,1312000
Strokes Gained - Total,4.523,3.669,2.521,1.691,12.404,1312000
Eagles,0,0,0,0,0,1312869
Birdies,5,4,6,3,18,1312869
Pars,10,13,10,14,47,1312869
Bogeys,2,1,2,1,6,1312869
Double Bogeys,1,0,0,0,1,1312869
Fairways Hit,8,9,10,7,34,1312869
Greens in Regulation,11,15,14,12,52,1312869
Scrambling,71.43,66.67,50.00,83.33,70.00,1312869
Total Putts,"1.65 m5'5"" yd","1.69 m5'7"" yd","1.62 m5'4"" yd","0.85 m2'9"" yd","1.45 m4'9"" yd",1312869
Sand Saves,1,1,3,0,5,1312869
Driving Distance,"226.6 m247.8 yd","227.2 m248.5 yd","230.3 m251.9 yd","228.2 m249.6 yd","228.1 m249.4 yd",1312869
Approach Shot Distance to Pin,"6.39 m21'0"" yd","11 m35'4"" yd","8.82 m28'11"" yd","7.33 m24'1"" yd","8.33 m27'4"" yd",1312869
Strokes Gained - Off the Tee,-0.532,0.153,0.891,0.499,1.011,1312869
Strokes Gained - Approach the Green,1.339,1.080,0.319,2.061,4.799,1312869
Strokes Gained - Around the Green,0.825,0.116,1.054,-0.316,1.679,1312869
Strokes Gained - Putting,-0.105,0.335,1.265,-1.556,-0.061,1312869
Strokes Gained - Total,1.527,1.684,3.529,0.688,7.428,1312869
Eagles,0,0,0,0,0,1325738
Birdies,3,4,5,1,13,1325738
Pars,12,11,11,12,46,1325738
Bogeys,3,3,2,5,13,1325738
Double Bogeys,0,0,0,0,0,1325738
Fairways Hit,9,7,8,5,29,1325738
Greens in Regulation,9,11,14,7,41,1325738
Scrambling,66.67,71.43,50.00,54.55,61.29,1325738
Total Putts,"1.47 m4'10"" yd","2.42 m7'11"" yd","1.42 m4'8"" yd","1.13 m3'8"" yd","1.60 m5'3"" yd",1325738
Sand Saves,0,1,0,0,1,1325738
Driving Distance,"225.1 m246.2 yd","223.5 m244.4 yd","219.5 m240.1 yd","210.2 m229.9 yd","219.6 m240.2 yd",1325738
Approach Shot Distance to Pin,"10 m34'1"" yd","14 m44'6"" yd","12 m39'7"" yd","15 m48'5"" yd","13 m41'8"" yd",1325738
Strokes Gained - Off the Tee,0.014,-0.501,-1.114,-1.662,-3.263,1325738
Strokes Gained - Approach the Green,-1.107,-1.947,2.447,-1.928,-2.535,1325738
Strokes Gained - Around the Green,1.180,-0.383,0.619,-0.350,1.066,1325738
Strokes Gained - Putting,0.436,2.499,0.585,-1.401,2.119,1325738
Strokes Gained - Total,0.523,-0.332,2.537,-5.341,-2.613,1325738
Eagles,0,0,0,0,0,1326354
Birdies,4,5,5,3,17,1326354
Pars,9,9,10,14,42,1326354
Bogeys,5,3,3,1,12,1326354
Double Bogeys,0,1,0,0,1,1326354
Fairways Hit,8,7,9,7,31,1326354
Greens in Regulation,12,13,14,15,54,1326354
Scrambling,16.67,40.00,50.00,100.00,44.44,1326354
Total Putts,"1.35 m4'5"" yd","1.34 m4'5"" yd","1.10 m3'7"" yd","1.14 m3'9"" yd","1.23 m4'1"" yd",1326354
Sand Saves,1,0,2,0,3,1326354
Driving Distance,"242.3 m264.9 yd","250.4 m273.9 yd","247.3 m270.4 yd","230.9 m252.5 yd","242.7 m265.4 yd",1326354
Approach Shot Distance to Pin,"11 m37'3"" yd","12 m38'10"" yd","13 m41'7"" yd","9.35 m30'8"" yd","11 m37'1"" yd",1326354
Strokes Gained - Off the Tee,1.124,0.288,2.021,0.304,3.737,1326354
Strokes Gained - Approach the Green,-0.416,-0.813,0.655,0.275,-0.299,1326354
Strokes Gained - Around the Green,0.015,1.073,0.154,0.263,1.505,1326354
Strokes Gained - Putting,-1.215,-1.880,-1.299,-0.152,-4.546,1326354
Strokes Gained - Total,-0.492,-1.332,1.531,0.690,0.397,1326354
Eagles,0,0,0,0,0,1326360
Birdies,4,3,2,7,16,1326360
Pars,13,14,11,10,48,1326360
Bogeys,0,1,5,1,7,1326360
Double Bogeys,1,0,0,0,1,1326360
Fairways Hit,10,8,8,8,34,1326360
Greens in Regulation,12,12,9,11,44,1326360
Scrambling,83.33,83.33,44.44,85.71,71.43,1326360
Total Putts,"2.06 m6'9"" yd","1.09 m3'7"" yd","1.12 m3'8"" yd","1.60 m5'3"" yd","1.46 m4'9"" yd",1326360
Sand Saves,1,0,1,3,5,1326360
Driving Distance,"227.6 m248.9 yd","225.4 m246.5 yd","229.1 m250.5 yd","214.0 m234.1 yd","224.0 m245.0 yd",1326360
Approach Shot Distance to Pin,"11 m36'11"" yd","10.00 m32'10"" yd","12 m40'1"" yd","11 m34'8"" yd","11 m36'1"" yd",1326360
Strokes Gained - Off the Tee,0.320,-0.413,1.089,-0.058,0.938,1326360
Strokes Gained - Approach the Green,0.525,0.302,-3.149,0.948,-1.374,1326360
Strokes Gained - Around the Green,-0.324,0.503,-1.228,1.147,0.098,1326360
Strokes Gained - Putting,2.000,0.281,-0.192,2.661,4.750,1326360
Strokes Gained - Total,2.521,0.673,-3.480,4.698,4.412,1326360
Eagles,0,0,0,0,0,1326363
Birdies,2,4,5,7,18,1326363
Pars,14,14,7,11,46,1326363
Bogeys,2,0,5,0,7,1326363
Double Bogeys,0,0,1,0,1,1326363
Fairways Hit,5,11,4,9,29,1326363
Greens in Regulation,8,17,12,14,51,1326363
Scrambling,80.00,100.00,0.00,100.00,61.90,1326363
Total Putts,"1.37 m4'6"" yd","1.11 m3'8"" yd","1.34 m4'5"" yd","1.47 m4'10"" yd","1.32 m4'4"" yd",1326363
Sand Saves,2,0,0,1,3,1326363
Driving Distance,"244.4 m267.3 yd","248.7 m272.0 yd","240.0 m262.4 yd","237.4 m259.6 yd","242.6 m265.3 yd",1326363
Approach Shot Distance to Pin,"9.87 m32'4"" yd","9.48 m31'1"" yd","15 m48'3"" yd","9.49 m31'1"" yd","11 m35'9"" yd",1326363
Strokes Gained - Off the Tee,-0.666,2.681,-0.371,1.816,3.460,1326363
Strokes Gained - Approach the Green,-1.287,1.353,-0.009,0.834,0.891,1326363
Strokes Gained - Around the Green,0.097,-0.387,-0.074,1.285,0.921,1326363
Strokes Gained - Putting,2.373,-0.990,-2.029,1.753,1.107,1326363
Strokes Gained - Total,0.517,2.657,-2.483,5.688,6.379,1326363
Eagles,0,1,0,0,1,1326376
Birdies,6,9,3,5,23,1326376
Pars,10,7,14,11,42,1326376
Bogeys,2,0,1,1,4,1326376
Double Bogeys,0,1,0,1,2,1326376
Fairways Hit,11,11,10,9,41,1326376
Greens in Regulation,16,16,13,14,59,1326376
Scrambling,50.00,50.00,100.00,50.00,69.23,1326376
Total Putts,"0.95 m3'2"" yd","2.73 m8'11"" yd","0.96 m3'2"" yd","1.64 m5'4"" yd","1.57 m5'2"" yd",1326376
Sand Saves,0,1,1,0,2,1326376
Driving Distance,"244.9 m267.9 yd","244.7 m267.6 yd","242.6 m265.3 yd","236.2 m258.4 yd","242.1 m264.8 yd",1326376
Approach Shot Distance to Pin,"8.50 m27'11"" yd","8.57 m28'1"" yd","12 m37'10"" yd","10 m32'11"" yd","9.66 m31'8"" yd",1326376
Strokes Gained - Off the Tee,1.894,1.637,1.883,1.374,6.788,1326376
Strokes Gained - Approach the Green,3.934,1.790,-0.255,0.437,5.906,1326376
Strokes Gained - Around the Green,0.030,-0.572,0.158,-1.251,-1.635,1326376
Strokes Gained - Putting,-1.331,4.815,-0.255,0.131,3.360,1326376
Strokes Gained - Total,4.527,7.670,1.531,0.691,14.419,1326376
Eagles,0,0,0,0,0,1333770
Birdies,4,2,0,1,7,1333770
Pars,10,14,9,14,47,1333770
Bogeys,4,1,8,3,16,1333770
Double Bogeys,0,1,1,0,2,1333770
Fairways Hit,6,8,5,8,27,1333770
Greens in Regulation,8,12,7,8,35,1333770
Scrambling,60.00,83.33,18.18,80.00,56.76,1333770
Total Putts,"1.41 m4'8"" yd","1.42 m4'8"" yd","0.53 m1'9"" yd","1.11 m3'8"" yd","1.12 m3'8"" yd",1333770
Sand Saves,0,2,0,2,4,1333770
Driving Distance,"222.9 m243.7 yd","228.6 m250.0 yd","215.3 m235.4 yd","221.2 m241.9 yd","222.0 m242.8 yd",1333770
Approach Shot Distance to Pin,"12 m40'0"" yd","9.91 m32'6"" yd","16 m53'10"" yd","14 m44'10"" yd","13 m42'10"" yd",1333770
Strokes Gained - Off the Tee,-0.637,0.288,-1.905,0.625,-1.629,1333770
Strokes Gained - Approach the Green,-1.063,-0.617,-3.643,-3.654,-8.977,1333770
Strokes Gained - Around the Green,0.870,-1.138,-1.823,0.637,-1.454,1333770
Strokes Gained - Putting,1.347,-0.863,-3.078,-0.919,-3.513,1333770
Strokes Gained - Total,0.517,-2.330,-10.449,-3.311,-15.573,1333770
Eagles,0,0,1,0,1,1334619
Birdies,1,3,2,1,7,1334619
Pars,12,9,9,10,40,1334619
Bogeys,5,6,5,6,22,1334619
Double Bogeys,0,0,0,1,1,1334619
Fairways Hit,7,6,6,9,28,1334619
Greens in Regulation,7,9,12,10,38,1334619
Scrambling,54.55,44.44,16.67,12.50,35.29,1334619
Total Putts,"1.19 m3'11"" yd","1.93 m6'4"" yd","1.26 m4'2"" yd","1.02 m3'4"" yd","1.35 m4'5"" yd",1334619
Sand Saves,0,1,1,0,2,1334619
Driving Distance,"209.7 m229.3 yd","206.3 m225.6 yd","201.6 m220.4 yd","207.0 m226.4 yd","206.2 m225.4 yd",1334619
Approach Shot Distance to Pin,"13 m43'10"" yd","11 m37'8"" yd","16 m51'0"" yd","12 m40'4"" yd","13 m43'3"" yd",1334619
Strokes Gained - Off the Tee,-1.066,-2.350,-2.368,-2.996,-8.780,1334619
Strokes Gained - Approach the Green,-2.421,-2.165,-1.503,-1.044,-7.133,1334619
Strokes Gained - Around the Green,-0.809,-1.083,-0.224,-0.208,-2.324,1334619
Strokes Gained - Putting,0.831,1.270,-0.382,-4.086,-2.367,1334619
Strokes Gained - Total,-3.465,-4.328,-4.477,-8.334,-20.604,1334619
Eagles,0,0,0,0,0,1334620
Birdies,1,4,2,4,11,1334620
Pars,12,11,15,11,49,1334620
Bogeys,5,2,1,3,11,1334620
Double Bogeys,0,1,0,0,1,1334620
Fairways Hit,6,6,8,7,27,1334620
Greens in Regulation,10,13,14,11,48,1334620
Scrambling,50.00,40.00,75.00,57.14,54.17,1334620
Total Putts,"1.02 m3'4"" yd","1.08 m3'6"" yd","1.11 m3'8"" yd","0.81 m2'8"" yd","1.00 m3'3"" yd",1334620
Sand Saves,0,2,1,0,3,1334620
Driving Distance,"236.3 m258.4 yd","232.1 m253.9 yd","236.8 m258.9 yd","227.6 m248.9 yd","233.2 m255.0 yd",1334620
Approach Shot Distance to Pin,"12 m40'5"" yd","14 m46'7"" yd","10 m33'5"" yd","8.87 m29'1"" yd","11 m37'5"" yd",1334620
Strokes Gained - Off the Tee,0.181,-0.760,0.531,-0.300,-0.348,1334620
Strokes Gained - Approach the Green,-1.487,-1.673,0.240,0.555,-2.365,1334620
Strokes Gained - Around the Green,0.153,0.548,0.300,0.660,1.661,1334620
Strokes Gained - Putting,-2.326,0.572,-0.556,-1.215,-3.525,1334620
Strokes Gained - Total,-3.479,-1.313,0.515,-0.300,-4.577,1334620
Eagles,0,0,0,0,0,1342631
Birdies,6,5,4,5,20,1342631
Pars,8,10,10,13,41,1342631
Bogeys,4,3,4,0,11,1342631
Double Bogeys,0,0,0,0,0,1342631
Fairways Hit,8,6,9,8,31,1342631
Greens in Regulation,12,11,13,12,48,1342631
Scrambling,50.00,57.14,40.00,100.00,62.50,1342631
Total Putts,"1.80 m5'11"" yd","1.60 m5'3"" yd","1.11 m3'8"" yd","2.25 m7'5"" yd","1.70 m5'7"" yd",1342631
Sand Saves,0,1,0,1,2,1342631
Driving Distance,"226.6 m247.8 yd","223.7 m244.6 yd","230.0 m251.5 yd","223.6 m244.6 yd","226.0 m247.1 yd",1342631
Approach Shot Distance to Pin,"8.40 m27'7"" yd","13 m41'8"" yd","11 m37'5"" yd","8.43 m27'8"" yd","10 m33'8"" yd",1342631
Strokes Gained - Off the Tee,-0.100,-0.678,0.955,-0.541,-0.364,1342631
Strokes Gained - Approach the Green,-0.499,-0.928,-1.138,2.579,0.014,1342631
Strokes Gained - Around the Green,0.061,1.481,1.346,-0.460,2.428,1342631
Strokes Gained - Putting,3.061,0.791,-1.646,2.114,4.320,1342631
Strokes Gained - Total,2.523,0.666,-0.483,3.692,6.398,1342631
Eagles,0,1,0,0,1,1343222
Birdies,3,4,3,4,14,1343222
Pars,13,10,14,11,48,1343222
Bogeys,2,3,1,3,9,1343222
Double Bogeys,0,0,0,0,0,1343222
Fairways Hit,9,7,9,6,31,1343222
Greens in Regulation,15,10,17,11,53,1343222
Scrambling,66.67,62.50,0.00,57.14,57.89,1343222
Total Putts,"1.37 m4'6"" yd","1.66 m5'5"" yd","2.27 m7'5"" yd","1.45 m4'9"" yd","1.69 m5'6"" yd",1343222
Sand Saves,0,0,0,1,1,1343222
Driving Distance,"233.8 m255.6 yd","236.0 m258.1 yd","236.6 m258.7 yd","226.1 m247.3 yd","233.1 m254.9 yd",1343222
Approach Shot Distance to Pin,"8.72 m28'7"" yd","12 m38'6"" yd","11 m35'6"" yd","11 m35'6"" yd","11 m34'6"" yd",1343222
Strokes Gained - Off the Tee,0.883,0.413,1.084,-1.952,0.428,1343222
Strokes Gained - Approach the Green,1.146,0.596,-0.581,-0.262,0.899,1343222
Strokes Gained - Around the Green,-0.022,-1.058,0.214,1.776,0.910,1343222
Strokes Gained - Putting,-0.486,1.718,0.807,0.121,2.160,1343222
Strokes Gained - Total,1.521,1.669,1.524,-0.317,4.397,1343222
Eagles,0,1,1,0,2,1344911
Birdies,3,2,3,2,10,1344911
Pars,11,10,11,16,48,1344911
Bogeys,4,3,2,0,9,1344911
Double Bogeys,0,2,1,0,3,1344911
Fairways Hit,7,7,4,8,26,1344911
Greens in Regulation,11,10,11,13,45,1344911
Scrambling,57.14,37.50,57.14,100.00,59.26,1344911
Total Putts,"1.51 m5'0"" yd","0.93 m3'1"" yd","1.61 m5'4"" yd","1.50 m4'11"" yd","1.39 m4'7"" yd",1344911
Sand Saves,1,0,0,2,3,1344911
Driving Distance,"224.2 m245.1 yd","227.3 m248.6 yd","225.3 m246.4 yd","212.5 m232.4 yd","222.3 m243.1 yd",1344911
Approach Shot Distance to Pin,"12 m39'2"" yd","11 m34'8"" yd","10 m33'0"" yd","12 m39'2"" yd","11 m36'6"" yd",1344911
Strokes Gained - Off the Tee,-0.085,-0.176,-0.387,-0.233,-0.881,1344911
Strokes Gained - Approach the Green,-1.113,0.024,0.320,-0.705,-1.474,1344911
Strokes Gained - Around the Green,-0.126,-2.148,-1.233,0.955,-2.552,1344911
Strokes Gained - Putting,0.833,-2.035,1.834,0.667,1.299,1344911
Strokes Gained - Total,-0.491,-4.335,0.534,0.684,-3.608,1344911
Eagles,0,0,1,0,1,1345208
Birdies,2,7,3,5,17,1345208
Pars,11,11,13,12,47,1345208
Bogeys,5,0,0,1,6,1345208
Double Bogeys,0,0,1,0,1,1345208
Fairways Hit,9,10,10,11,40,1345208
Greens in Regulation,11,14,17,14,56,1345208
Scrambling,42.86,100.00,0.00,75.00,62.50,1345208
Total Putts,"1.29 m4'3"" yd","1.05 m3'5"" yd","0.75 m2'6"" yd","1.29 m4'3"" yd","1.10 m3'7"" yd",1345208
Sand Saves,0,0,0,0,0,1345208
Driving Distance,"224.9 m245.9 yd","232.3 m254.0 yd","226.8 m248.0 yd","219.7 m240.2 yd","225.9 m247.0 yd",1345208
Approach Shot Distance to Pin,"9.70 m31'10"" yd","8.74 m28'8"" yd","8.86 m29'1"" yd","8.40 m27'7"" yd","8.93 m29'4"" yd",1345208
Strokes Gained - Off the Tee,0.327,0.626,1.292,0.745,2.990,1345208
Strokes Gained - Approach the Green,-0.923,2.937,1.538,1.619,5.171,1345208
Strokes Gained - Around the Green,-0.917,1.902,0.475,-1.720,-0.260,1345208
Strokes Gained - Putting,-0.968,0.209,-0.793,2.052,0.500,1345208
Strokes Gained - Total,-2.481,5.674,2.512,2.696,8.401,1345208
Eagles,0,1,1,0,2,1345280
Birdies,4,6,1,5,16,1345280
Pars,11,8,15,11,45,1345280
Bogeys,2,3,1,2,8,1345280
Double Bogeys,1,0,0,0,1,1345280
Fairways Hit,12,12,10,8,42,1345280
Greens in Regulation,15,14,14,14,57,1345280
Scrambling,66.67,25.00,75.00,50.00,53.33,1345280
Total Putts,"1.20 m3'11"" yd","1.43 m4'8"" yd","1.39 m4'7"" yd","1.28 m4'2"" yd","1.33 m4'4"" yd",1345280
Sand Saves,0,0,1,3,4,1345280
Driving Distance,"234.7 m256.6 yd","235.8 m257.9 yd","230.2 m251.8 yd","226.6 m247.9 yd","231.8 m253.5 yd",1345280
Approach Shot Distance to Pin,"5.42 m17'9"" yd","6.36 m20'10"" yd","8.58 m28'2"" yd","9.14 m30'0"" yd","7.37 m24'2"" yd",1345280
Strokes Gained - Off the Tee,0.700,1.581,1.409,0.780,4.470,1345280
Strokes Gained - Approach the Green,1.648,3.008,0.353,0.703,5.712,1345280
Strokes Gained - Around the Green,1.173,-1.287,-0.356,0.382,-0.088,1345280
Strokes Gained - Putting,-3.002,0.360,0.113,-0.179,-2.708,1345280
Strokes Gained - Total,0.519,3.662,1.519,1.686,7.386,1345280
Eagles,0,0,0,0,0,1346222
Birdies,6,6,2,4,18,1346222
Pars,9,10,14,13,46,1346222
Bogeys,3,2,2,1,8,1346222
Double Bogeys,0,0,0,0,0,1346222
Fairways Hit,10,8,9,10,37,1346222
Greens in Regulation,14,16,16,13,59,1346222
Scrambling,50.00,50.00,50.00,80.00,61.54,1346222
Total Putts,"1.53 m5'0"" yd","0.88 m2'10"" yd","1.35 m4'5"" yd","0.66 m2'2"" yd","1.10 m3'7"" yd",1346222
Sand Saves,0,1,0,1,2,1346222
Driving Distance,"232.9 m254.7 yd","227.2 m248.5 yd","224.9 m245.9 yd","223.8 m244.8 yd","227.2 m248.5 yd",1346222
Approach Shot Distance to Pin,"9.82 m32'3"" yd","7.79 m25'7"" yd","10 m33'10"" yd","8.85 m29'0"" yd","9.19 m30'2"" yd",1346222
Strokes Gained - Off the Tee,0.935,0.497,-0.232,0.448,1.648,1346222
Strokes Gained - Approach the Green,0.684,4.610,0.164,1.503,6.961,1346222
Strokes Gained - Around the Green,-0.339,-0.854,0.330,0.744,-0.119,1346222
Strokes Gained - Putting,2.253,-1.569,-0.726,-1.009,-1.051,1346222
Strokes Gained - Total,3.533,2.684,-0.464,1.686,7.439,1346222
Eagles,0,0,0,0,0,1346224
Birdies,3,2,4,6,15,1346224
Pars,14,16,13,10,53,1346224
Bogeys,1,0,1,1,3,1346224
Double Bogeys,0,0,0,1,1,1346224
Fairways Hit,9,6,7,4,26,1346224
Greens in Regulation,16,13,14,14,57,1346224
Scrambling,100.00,100.00,75.00,50.00,80.00,1346224
Total Putts,"1.00 m3'3"" yd","0.75 m2'6"" yd","1.40 m4'7"" yd","1.52 m5'0"" yd","1.17 m3'10"" yd",1346224
Sand Saves,0,2,2,1,5,1346224
Driving Distance,"236.6 m258.8 yd","237.5 m259.7 yd","237.0 m259.1 yd","232.2 m253.9 yd","235.8 m257.9 yd",1346224
Approach Shot Distance to Pin,"9.39 m30'10"" yd","13 m43'5"" yd","12 m39'0"" yd","12 m38'0"" yd","12 m37'10"" yd",1346224
Strokes Gained - Off the Tee,0.840,0.450,0.405,0.310,2.005,1346224
Strokes Gained - Approach the Green,2.407,0.542,-0.493,1.238,3.694,1346224
Strokes Gained - Around the Green,0.892,2.009,1.111,-0.691,3.321,1346224
Strokes Gained - Putting,-1.620,-2.343,1.514,0.837,-1.612,1346224
Strokes Gained - Total,2.519,0.658,2.537,1.694,7.408,1346224
Eagles,0,0,0,0,0,1346225
Birdies,3,3,2,3,11,1346225
Pars,14,13,14,14,55,1346225
Bogeys,1,2,2,1,6,1346225
Double Bogeys,0,0,0,0,0,1346225
Fairways Hit,11,10,9,9,39,1346225
Greens in Regulation,14,12,14,7,47,1346225
Scrambling,75.00,83.33,50.00,90.91,80.00,1346225
Total Putts,"0.61 m2'0"" yd","1.36 m4'5"" yd","1.01 m3'4"" yd","1.45 m4'9"" yd","1.11 m3'8"" yd",1346225
Sand Saves,1,1,0,3,5,1346225
Driving Distance,"215.6 m235.8 yd","215.7 m235.9 yd","208.4 m227.9 yd","205.3 m224.5 yd","211.2 m231.0 yd",1346225
Approach Shot Distance to Pin,"9.02 m29'7"" yd","13 m42'7"" yd","9.66 m31'8"" yd","13 m44'1"" yd","11 m37'1"" yd",1346225
Strokes Gained - Off the Tee,0.310,0.606,-0.729,-0.630,-0.443,1346225
Strokes Gained - Approach the Green,2.126,-0.926,1.795,-2.144,0.851,1346225
Strokes Gained - Around the Green,0.697,-0.782,0.777,0.126,0.818,1346225
Strokes Gained - Putting,-0.622,0.787,-2.333,3.344,1.176,1346225
Strokes Gained - Total,2.511,-0.315,-0.490,0.696,2.402,1346225
Eagles,0,0,0,0,0,1346226
Birdies,2,4,5,6,17,1346226
Pars,15,13,10,10,48,1346226
Bogeys,1,1,2,2,6,1346226
Double Bogeys,0,0,1,0,1,1346226
Fairways Hit,11,10,7,6,34,1346226
Greens in Regulation,11,17,10,12,50,1346226
Scrambling,85.71,0.00,62.50,66.67,68.18,1346226
Total Putts,"1.41 m4'7"" yd","1.02 m3'4"" yd","1.74 m5'9"" yd","1.66 m5'6"" yd","1.46 m4'9"" yd",1346226
Sand Saves,1,0,2,1,4,1346226
Driving Distance,"234.0 m255.9 yd","233.6 m255.5 yd","227.9 m249.2 yd","217.5 m237.9 yd","228.2 m249.6 yd",1346226
Approach Shot Distance to Pin,"11 m35'7"" yd","9.24 m30'4"" yd","10 m34'4"" yd","12 m39'9"" yd","11 m35'0"" yd",1346226
Strokes Gained - Off the Tee,1.240,1.374,-0.301,-0.632,1.681,1346226
Strokes Gained - Approach the Green,-1.276,1.261,-2.073,-0.451,-2.539,1346226
Strokes Gained - Around the Green,0.366,-0.026,0.277,1.277,1.894,1346226
Strokes Gained - Putting,1.205,-0.925,2.652,2.504,5.436,1346226
Strokes Gained - Total,1.535,1.684,0.555,2.698,6.472,1346226
Eagles,0,0,0,0,0,1346285
Birdies,3,2,3,2,10,1346285
Pars,3,12,7,12,34,1346285
Bogeys,11,4,5,3,23,1346285
Double Bogeys,1,0,2,1,4,1346285
Fairways Hit,8,5,9,4,26,1346285
Greens in Regulation,3,7,8,11,29,1346285
Scrambling,26.67,63.64,20.00,42.86,37.21,1346285
Total Putts,"1.57 m5'2"" yd","1.53 m5'0"" yd","0.70 m2'4"" yd","1.50 m4'11"" yd","1.32 m4'4"" yd",1346285
Sand Saves,3,2,0,0,5,1346285
Driving Distance,"211.9 m231.7 yd","215.3 m235.5 yd","224.7 m245.7 yd","211.5 m231.3 yd","215.9 m236.1 yd",1346285
Approach Shot Distance to Pin,"13 m42'7"" yd","12 m40'9"" yd","14 m45'10"" yd","11 m35'4"" yd","13 m41'1"" yd",1346285
Strokes Gained - Off the Tee,-3.030,-2.332,-0.156,-1.622,-7.140,1346285
Strokes Gained - Approach the Green,-5.533,-1.278,-3.401,-1.428,-11.640,1346285
Strokes Gained - Around the Green,-0.644,-1.572,-3.674,-2.405,-8.295,1346285
Strokes Gained - Putting,-0.270,1.862,-3.228,1.117,-0.519,1346285
Strokes Gained - Total,-9.477,-3.320,-10.459,-4.338,-27.594,1346285
Eagles,0,0,0,0,0,1351271
Birdies,3,5,4,3,15,1351271
Pars,10,11,9,14,44,1351271
Bogeys,5,2,5,1,13,1351271
Double Bogeys,0,0,0,0,0,1351271
Fairways Hit,7,10,9,9,35,1351271
Greens in Regulation,10,11,10,16,47,1351271
Scrambling,37.50,85.71,50.00,50.00,56.00,1351271
Total Putts,"1.03 m3'5"" yd","1.21 m4'0"" yd","1.01 m3'4"" yd","1.00 m3'3"" yd","1.06 m3'6"" yd",1351271
Sand Saves,0,1,1,1,3,1351271
Driving Distance,"229.5 m251.0 yd","233.5 m255.4 yd","226.3 m247.4 yd","229.8 m251.3 yd","229.8 m251.3 yd",1351271
Approach Shot Distance to Pin,"10 m34'3"" yd","10 m33'0"" yd","13 m44'2"" yd","7.29 m23'11"" yd","10 m33'10"" yd",1351271
Strokes Gained - Off the Tee,0.032,0.931,0.667,1.061,2.691,1351271
Strokes Gained - Approach the Green,-0.101,-0.706,-1.559,2.011,-0.355,1351271
Strokes Gained - Around the Green,0.084,0.964,0.300,0.621,1.969,1351271
Strokes Gained - Putting,-1.504,0.496,-0.884,-3.014,-4.906,1351271
Strokes Gained - Total,-1.489,1.685,-1.476,0.679,-0.601,1351271
Eagles,0,0,0,0,0,1351272
Birdies,2,3,3,5,13,1351272
Pars,15,13,14,8,50,1351272
Bogeys,1,2,1,5,9,1351272
Double Bogeys,0,0,0,0,0,1351272
Fairways Hit,7,8,10,3,28,1351272
Greens in Regulation,10,11,15,11,47,1351272
Scrambling,87.50,85.71,66.67,28.57,68.00,1351272
Total Putts,"1.17 m3'10"" yd","1.39 m4'7"" yd","0.78 m2'7"" yd","1.27 m4'2"" yd","1.15 m3'9"" yd",1351272
Sand Saves,0,0,0,0,0,1351272
Driving Distance,"230.9 m252.5 yd","228.5 m249.9 yd","231.4 m253.1 yd","212.0 m231.9 yd","225.7 m246.8 yd",1351272
Approach Shot Distance to Pin,"9.35 m30'8"" yd","14 m45'5"" yd","7.78 m25'6"" yd","13 m42'4"" yd","11 m35'10"" yd",1351272
Strokes Gained - Off the Tee,0.099,-0.682,0.101,-1.573,-2.055,1351272
Strokes Gained - Approach the Green,-0.711,-0.749,1.770,-1.394,-1.084,1351272
Strokes Gained - Around the Green,0.922,1.596,1.112,1.830,5.460,1351272
Strokes Gained - Putting,1.211,-0.500,-1.464,-0.182,-0.935,1351272
Strokes Gained - Total,1.521,-0.335,1.519,-1.319,1.386,1351272
Eagles,0,1,1,0,2,1352702
Birdies,6,4,3,4,17,1352702
Pars,9,7,10,12,38,1352702
Bogeys,3,4,4,2,13,1352702
Double Bogeys,0,2,0,0,2,1352702
Fairways Hit,5,8,5,5,23,1352702
Greens in Regulation,10,9,12,15,46,1352702
Scrambling,62.50,33.33,33.33,100.00,50.00,1352702
Total Putts,"2.24 m7'4"" yd","1.86 m6'1"" yd","1.32 m4'4"" yd","1.62 m5'4"" yd","1.76 m5'9"" yd",1352702
Sand Saves,0,1,1,2,4,1352702
Driving Distance,"239.2 m261.6 yd","241.3 m263.9 yd","245.0 m267.9 yd","236.0 m258.1 yd","240.4 m262.9 yd",1352702
Approach Shot Distance to Pin,"8.81 m28'11"" yd","14 m46'6"" yd","14 m44'4"" yd","8.67 m28'5"" yd","11 m37'0"" yd",1352702
Strokes Gained - Off the Tee,0.175,-0.595,0.254,0.360,0.194,1352702
Strokes Gained - Approach the Green,0.075,-1.378,-0.032,1.090,-0.245,1352702
Strokes Gained - Around the Green,-0.154,-2.162,0.602,0.620,-1.094,1352702
Strokes Gained - Putting,3.419,0.801,-0.300,-1.391,2.529,1352702
Strokes Gained - Total,3.515,-3.334,0.524,0.679,1.384,1352702
Eagles,0,0,0,0,0,1352705
Birdies,4,0,1,2,7,1352705
Pars,12,13,14,14,53,1352705
Bogeys,2,5,3,1,11,1352705
Double Bogeys,0,0,0,1,1,1352705
Fairways Hit,7,8,3,7,25,1352705
Greens in Regulation,12,10,8,14,44,1352705
Scrambling,83.33,37.50,70.00,75.00,64.29,1352705
Total Putts,"1.29 m4'3"" yd","0.83 m2'9"" yd","1.13 m3'8"" yd","0.94 m3'1"" yd","1.05 m3'5"" yd",1352705
Sand Saves,0,0,3,0,3,1352705
Driving Distance,"223.6 m244.6 yd","212.9 m232.9 yd","215.3 m235.5 yd","212.3 m232.2 yd","216.1 m236.3 yd",1352705
Approach Shot Distance to Pin,"7.22 m23'8"" yd","12 m39'0"" yd","15 m47'9"" yd","9.46 m31'0"" yd","11 m35'4"" yd",1352705
Strokes Gained - Off the Tee,-0.336,-1.166,-2.320,-1.102,-4.924,1352705
Strokes Gained - Approach the Green,2.317,-1.203,-1.345,1.645,1.414,1352705
Strokes Gained - Around the Green,-0.174,0.239,0.189,-0.679,-0.425,1352705
Strokes Gained - Putting,0.722,-4.198,1.001,-2.183,-4.658,1352705
Strokes Gained - Total,2.529,-6.328,-2.475,-2.319,-8.593,1352705
Eagles,0,0,0,0,0,1361296
Birdies,3,4,1,1,9,1361296
Pars,9,11,12,12,44,1361296
Bogeys,4,3,4,4,15,1361296
Double Bogeys,2,0,0,1,3,1361296
Fairways Hit,7,5,6,5,23,1361296
Greens in Regulation,8,10,10,7,35,1361296
Scrambling,40.00,75.00,37.50,54.55,51.35,1361296
Total Putts,"1.04 m3'5"" yd","2.22 m7'3"" yd","1.34 m4'5"" yd","1.26 m4'2"" yd","1.46 m4'10"" yd",1361296
Sand Saves,1,0,0,0,1,1361296
Driving Distance,"227.8 m249.1 yd","225.5 m246.6 yd","222.6 m243.4 yd","219.6 m240.1 yd","223.9 m244.8 yd",1361296
Approach Shot Distance to Pin,"12 m37'11"" yd","12 m38'11"" yd","13 m44'3"" yd","14 m47'4"" yd","13 m42'1"" yd",1361296
Strokes Gained - Off the Tee,-1.825,-0.910,-0.722,-1.366,-4.823,1361296
Strokes Gained - Approach the Green,-0.491,-0.660,-1.558,-2.918,-5.627,1361296
Strokes Gained - Around the Green,-1.215,1.381,-3.653,-1.201,-4.688,1361296
Strokes Gained - Putting,-0.940,-0.130,-1.549,-0.831,-3.450,1361296
Strokes Gained - Total,-4.471,-0.319,-7.482,-6.316,-18.588,1361296
Eagles,0,0,0,0,0,1364609
Birdies,2,6,5,5,18,1364609
Pars,13,11,11,13,48,1364609
Bogeys,3,1,2,0,6,1364609
Double Bogeys,0,0,0,0,0,1364609
Fairways Hit,7,8,10,8,33,1364609
Greens in Regulation,10,15,15,15,55,1364609
Scrambling,62.50,66.67,33.33,100.00,64.71,1364609
Total Putts,"1.41 m4'7"" yd","1.78 m5'10"" yd","0.68 m2'3"" yd","1.97 m6'6"" yd","1.45 m4'9"" yd",1364609
Sand Saves,2,0,1,2,5,1364609
Driving Distance,"225.3 m246.4 yd","221.7 m242.5 yd","231.2 m252.8 yd","219.7 m240.2 yd","224.5 m245.5 yd",1364609
Approach Shot Distance to Pin,"9.25 m30'4"" yd","9.71 m31'10"" yd","7.18 m23'6"" yd","8.84 m29'0"" yd","8.75 m28'8"" yd",1364609
Strokes Gained - Off the Tee,-0.877,0.951,1.058,-0.620,0.512,1364609
Strokes Gained - Approach the Green,-0.043,0.916,4.509,2.095,7.477,1364609
Strokes Gained - Around the Green,0.180,-0.012,-0.076,-0.245,-0.153,1364609
Strokes Gained - Putting,0.273,1.817,-2.961,2.470,1.599,1364609
Strokes Gained - Total,-0.467,3.672,2.530,3.700,9.435,1364609
Eagles,0,0,0,0,0,1380667
Birdies,2,0,3,3,8,1380667
Pars,12,15,13,13,53,1380667
Bogeys,4,0,2,2,8,1380667
Double Bogeys,0,3,0,0,3,1380667
Fairways Hit,8,11,12,9,40,1380667
Greens in Regulation,12,8,8,12,40,1380667
Scrambling,33.33,70.00,80.00,83.33,68.75,1380667
Total Putts,"1.33 m4'4"" yd","0.92 m3'0"" yd","1.21 m4'0"" yd","1.19 m3'11"" yd","1.16 m3'10"" yd",1380667
Sand Saves,1,1,2,0,4,1380667
Driving Distance,"226.9 m248.1 yd","224.6 m245.6 yd","228.5 m249.9 yd","217.0 m237.4 yd","224.3 m245.3 yd",1380667
Approach Shot Distance to Pin,"10 m32'10"" yd","11 m37'7"" yd","12 m38'3"" yd","11 m37'2"" yd","11 m36'5"" yd",1380667
Strokes Gained - Off the Tee,-0.741,0.279,0.341,-0.043,-0.164,1380667
Strokes Gained - Approach the Green,-0.029,-3.023,-1.943,0.740,-4.255,1380667
Strokes Gained - Around the Green,-0.299,-2.652,1.583,-0.850,-2.218,1380667
Strokes Gained - Putting,-0.415,-1.936,0.541,-0.159,-1.969,1380667
Strokes Gained - Total,-1.484,-7.332,0.522,-0.312,-8.606,1380667
Eagles,0,0,0,0,0,1382305
Birdies,4,4,4,2,14,1382305
Pars,13,11,13,15,52,1382305
Bogeys,1,3,1,1,6,1382305
Double Bogeys,0,0,0,0,0,1382305
Fairways Hit,11,7,7,9,34,1382305
Greens in Regulation,15,14,14,13,56,1382305
Scrambling,100.00,50.00,75.00,80.00,75.00,1382305
Total Putts,"1.56 m5'1"" yd","1.65 m5'5"" yd","2.22 m7'3"" yd","0.72 m2'4"" yd","1.54 m5'1"" yd",1382305
Sand Saves,0,0,1,0,1,1382305
Driving Distance,"233.8 m255.7 yd","232.6 m254.4 yd","231.4 m253.1 yd","217.3 m237.6 yd","228.8 m250.2 yd",1382305
Approach Shot Distance to Pin,"8.05 m26'5"" yd","11 m35'11"" yd","10 m33'8"" yd","6.78 m22'3"" yd","9.02 m29'7"" yd",1382305
Strokes Gained - Off the Tee,1.296,-0.283,-1.351,0.768,0.430,1382305
Strokes Gained - Approach the Green,1.768,0.640,0.622,1.719,4.749,1382305
Strokes Gained - Around the Green,0.266,0.252,0.063,-0.237,0.344,1382305
Strokes Gained - Putting,0.181,-0.924,3.211,-2.551,-0.083,1382305
Strokes Gained - Total,3.511,-0.315,2.545,-0.301,5.440,1382305
Eagles,0,0,0,0,0,1383869
Birdies,2,2,3,3,10,1383869
Pars,14,13,13,12,52,1383869
Bogeys,2,3,2,3,10,1383869
Double Bogeys,0,0,0,0,0,1383869
Fairways Hit,9,6,8,11,34,1383869
Greens in Regulation,13,12,14,12,51,1383869
Scrambling,60.00,50.00,50.00,50.00,52.38,1383869
Total Putts,"0.78 m2'7"" yd","1.28 m4'2"" yd","1.44 m4'9"" yd","0.91 m3'0"" yd","1.10 m3'7"" yd",1383869
Sand Saves,1,0,1,0,2,1383869
Driving Distance,"229.3 m250.7 yd","222.5 m243.3 yd","222.9 m243.7 yd","224.0 m245.0 yd","224.7 m245.7 yd",1383869
Approach Shot Distance to Pin,"10 m33'1"" yd","13 m41'3"" yd","9.55 m31'4"" yd","10 m33'5"" yd","11 m34'9"" yd",1383869
Strokes Gained - Off the Tee,0.717,-1.503,0.150,0.994,0.358,1383869
Strokes Gained - Approach the Green,0.916,1.151,1.458,-0.456,3.069,1383869
Strokes Gained - Around the Green,-0.330,-1.490,-1.058,-0.605,-3.483,1383869
Strokes Gained - Putting,-0.789,-0.488,-0.035,-1.255,-2.567,1383869
Strokes Gained - Total,0.514,-2.330,0.515,-1.322,-2.623,1383869
Eagles,0,1,0,1,2,1390805
Birdies,5,6,2,3,16,1390805
Pars,10,10,13,11,44,1390805
Bogeys,3,1,3,3,10,1390805
Double Bogeys,0,0,0,0,0,1390805
Fairways Hit,10,8,6,8,32,1390805
Greens in Regulation,12,14,13,13,52,1390805
Scrambling,50.00,75.00,80.00,60.00,65.00,1390805
Total Putts,"1.47 m4'10"" yd","2.03 m6'8"" yd","1.16 m3'10"" yd","1.11 m3'8"" yd","1.45 m4'9"" yd",1390805
Sand Saves,0,3,1,1,5,1390805
Driving Distance,"250.0 m273.4 yd","237.5 m259.7 yd","238.2 m260.5 yd","229.5 m251.0 yd","238.8 m261.2 yd",1390805
Approach Shot Distance to Pin,"10 m33'11"" yd","11 m36'6"" yd","8.15 m26'9"" yd","15 m49'7"" yd","11 m36'9"" yd",1390805
Strokes Gained - Off the Tee,2.002,0.688,-0.550,0.513,2.653,1390805
Strokes Gained - Approach the Green,0.021,2.235,2.055,-0.842,3.469,1390805
Strokes Gained - Around the Green,0.030,0.811,1.083,1.952,3.876,1390805
Strokes Gained - Putting,0.470,1.931,-4.069,-0.937,-2.605,1390805
Strokes Gained - Total,2.523,5.665,-1.481,0.686,7.393,1390805
Eagles,0,1,0,0,1,1390806
Birdies,2,8,4,6,20,1390806
Pars,15,7,11,9,42,1390806
Bogeys,1,2,3,3,9,1390806
Double Bogeys,0,0,0,0,0,1390806
Fairways Hit,8,7,5,9,29,1390806
Greens in Regulation,13,12,14,15,54,1390806
Scrambling,80.00,66.67,50.00,66.67,66.67,1390806
Total Putts,"0.99 m3'3"" yd","1.80 m5'11"" yd","1.23 m4'0"" yd","1.76 m5'9"" yd","1.43 m4'8"" yd",1390806
Sand Saves,1,1,0,0,2,1390806
Driving Distance,"243.4 m266.2 yd","238.4 m260.7 yd","238.7 m261.0 yd","238.3 m260.6 yd","239.7 m262.1 yd",1390806
Approach Shot Distance to Pin,"8.53 m28'0"" yd","10 m34'3"" yd","9.53 m31'3"" yd","8.58 m28'2"" yd","9.27 m30'5"" yd",1390806
Strokes Gained - Off the Tee,0.458,0.934,0.080,1.375,2.847,1390806
Strokes Gained - Approach the Green,1.397,1.586,1.400,1.385,5.768,1390806
Strokes Gained - Around the Green,0.039,1.996,0.039,0.373,2.447,1390806
Strokes Gained - Putting,-0.363,2.150,-0.992,-1.438,-0.643,1390806
Strokes Gained - Total,1.531,6.666,0.527,1.695,10.419,1390806
Eagles,0,0,0,0,0,1393586
Birdies,2,6,3,2,13,1393586
Pars,14,10,9,12,45,1393586
Bogeys,2,2,6,3,13,1393586
Double Bogeys,0,0,0,1,1,1393586
Fairways Hit,7,6,7,8,28,1393586
Greens in Regulation,10,13,8,8,39,1393586
Scrambling,87.50,60.00,40.00,60.00,60.61,1393586
Total Putts,"1.42 m4'8"" yd","1.46 m4'10"" yd","1.26 m4'2"" yd","1.43 m4'8"" yd","1.40 m4'7"" yd",1393586
Sand Saves,0,3,2,0,5,1393586
Driving Distance,"230.8 m252.4 yd","231.6 m253.3 yd","230.7 m252.3 yd","229.8 m251.3 yd","230.7 m252.3 yd",1393586
Approach Shot Distance to Pin,"10 m33'11"" yd","14 m44'10"" yd","17 m54'6"" yd","13 m41'4"" yd","13 m43'8"" yd",1393586
Strokes Gained - Off the Tee,-2.144,-0.972,-0.630,0.128,-3.618,1393586
Strokes Gained - Approach the Green,0.136,1.466,-2.688,-3.612,-4.698,1393586
Strokes Gained - Around the Green,0.325,1.117,-1.418,0.037,0.061,1393586
Strokes Gained - Putting,2.210,1.071,1.279,-0.866,3.694,1393586
Strokes Gained - Total,0.527,2.682,-3.457,-4.313,-4.561,1393586
Eagles,0,0,0,0,0,1414375
Birdies,4,2,3,5,14,1414375
Pars,12,15,12,10,49,1414375
Bogeys,2,1,3,3,9,1414375
Double Bogeys,0,0,0,0,0,1414375
Fairways Hit,7,8,5,8,28,1414375
Greens in Regulation,10,15,12,12,49,1414375
Scrambling,87.50,66.67,66.67,50.00,69.57,1414375
Total Putts,"2.47 m8'1"" yd","0.95 m3'1"" yd","0.98 m3'3"" yd","1.43 m4'8"" yd","1.46 m4'9"" yd",1414375
Sand Saves,1,1,2,1,5,1414375
Driving Distance,"219.1 m239.6 yd","219.5 m240.0 yd","210.6 m230.4 yd","215.6 m235.8 yd","216.2 m236.4 yd",1414375
Approach Shot Distance to Pin,"12 m39'7"" yd","8.56 m28'1"" yd","13 m41'6"" yd","9.23 m30'3"" yd","11 m34'10"" yd",1414375
Strokes Gained - Off the Tee,-0.318,0.250,-1.723,-0.240,-2.031,1414375
Strokes Gained - Approach the Green,-1.069,0.341,-0.735,-0.041,-1.504,1414375
Strokes Gained - Around the Green,0.907,-0.479,2.297,-0.116,2.609,1414375
Strokes Gained - Putting,2.997,-0.443,-0.310,1.080,3.324,1414375
Strokes Gained - Total,2.517,-0.331,-0.471,0.683,2.398,1414375
Eagles,0,0,1,0,1,1419565
Birdies,0,2,4,3,9,1419565
Pars,13,11,10,13,47,1419565
Bogeys,4,5,2,2,13,1419565
Double Bogeys,1,0,1,0,2,1419565
Fairways Hit,8,7,5,8,28,1419565
Greens in Regulation,8,7,9,11,35,1419565
Scrambling,60.00,63.64,66.67,71.43,64.86,1419565
Total Putts,"1.08 m3'6"" yd","1.06 m3'6"" yd","1.93 m6'4"" yd","1.76 m5'9"" yd","1.45 m4'9"" yd",1419565
Sand Saves,0,1,0,0,1,1419565
Driving Distance,"221.5 m242.3 yd","227.4 m248.7 yd","226.0 m247.1 yd","223.8 m244.7 yd","224.7 m245.7 yd",1419565
Approach Shot Distance to Pin,"13 m42'5"" yd","17 m55'6"" yd","11 m37'7"" yd","11 m36'4"" yd","13 m43'0"" yd",1419565
Strokes Gained - Off the Tee,-0.320,0.058,-0.986,0.395,-0.853,1419565
Strokes Gained - Approach the Green,-2.816,-3.832,0.223,-1.985,-8.410,1419565
Strokes Gained - Around the Green,-1.040,0.144,0.658,0.571,0.333,1419565
Strokes Gained - Putting,-1.300,-0.702,1.625,0.712,0.335,1419565
Strokes Gained - Total,-5.476,-4.332,1.520,-0.307,-8.595,1419565
Eagles,0,0,0,0,0,1429164
Birdies,3,4,3,3,13,1429164
Pars,11,12,15,13,51,1429164
Bogeys,4,2,0,2,8,1429164
Double Bogeys,0,0,0,0,0,1429164
Fairways Hit,8,9,7,6,30,1429164
Greens in Regulation,10,14,15,14,53,1429164
Scrambling,50.00,75.00,100.00,50.00,63.16,1429164
Total Putts,"1.15 m3'9"" yd","1.43 m4'8"" yd","1.16 m3'10"" yd","1.21 m4'0"" yd","1.24 m4'1"" yd",1429164
Sand Saves,1,0,2,1,4,1429164
Driving Distance,"225.4 m246.5 yd","227.3 m248.6 yd","224.7 m245.7 yd","218.3 m238.8 yd","223.9 m244.9 yd",1429164
Approach Shot Distance to Pin,"7.58 m24'10"" yd","13 m43'6"" yd","11 m34'10"" yd","11 m34'9"" yd","11 m34'6"" yd",1429164
Strokes Gained - Off the Tee,-0.807,0.036,-0.890,-0.297,-1.958,1429164
Strokes Gained - Approach the Green,0.983,1.098,1.571,0.901,4.553,1429164
Strokes Gained - Around the Green,-0.609,0.374,0.270,0.015,0.050,1429164
Strokes Gained - Putting,-0.034,-0.841,1.573,-0.922,-0.224,1429164
Strokes Gained - Total,-0.467,0.667,2.524,-0.303,2.421,1429164
Eagles,0,0,0,0,0,1429174
Birdies,5,4,3,1,13,1429174
Pars,13,13,12,15,53,1429174
Bogeys,0,1,3,2,6,1429174
Double Bogeys,0,0,0,0,0,1429174
Fairways Hit,8,5,7,11,31,1429174
Greens in Regulation,10,13,14,11,48,1429174
Scrambling,100.00,80.00,75.00,71.43,83.33,1429174
Total Putts,"1.56 m5'1"" yd","1.30 m4'3"" yd","1.47 m4'10"" yd","1.07 m3'6"" yd","1.35 m4'5"" yd",1429174
Sand Saves,1,2,1,0,4,1429174
Driving Distance,"243.1 m265.9 yd","240.7 m263.2 yd","237.1 m259.3 yd","239.2 m261.6 yd","240.0 m262.5 yd",1429174
Approach Shot Distance to Pin,"13 m41'4"" yd","10 m33'5"" yd","8.95 m29'4"" yd","9.72 m31'11"" yd","10 m34'0"" yd",1429174
Strokes Gained - Off the Tee,0.889,-1.145,0.093,2.080,1.917,1429174
Strokes Gained - Approach the Green,0.933,0.369,0.950,-0.403,1.849,1429174
Strokes Gained - Around the Green,0.754,0.291,-0.096,-0.833,0.116,1429174
Strokes Gained - Putting,2.959,2.166,-1.425,-3.170,0.530,1429174
Strokes Gained - Total,5.535,1.681,-0.478,-2.326,4.412,1429174
Eagles,0,0,0,0,0,1429304
Birdies,4,3,1,6,14,1429304
Pars,11,12,14,10,47,1429304
Bogeys,2,3,3,2,10,1429304
Double Bogeys,1,0,0,0,1,1429304
Fairways Hit,6,8,9,7,30,1429304
Greens in Regulation,10,12,13,13,48,1429304
Scrambling,62.50,66.67,40.00,60.00,58.33,1429304
Total Putts,"1.52 m5'0"" yd","0.65 m2'2"" yd","0.87 m2'10"" yd","1.34 m4'5"" yd","1.09 m3'7"" yd",1429304
Sand Saves,0,1,0,0,1,1429304
Driving Distance,"238.3 m260.6 yd","239.9 m262.4 yd","238.3 m260.6 yd","242.2 m264.9 yd","239.7 m262.1 yd",1429304
Approach Shot Distance to Pin,"9.60 m31'6"" yd","12 m38'1"" yd","9.06 m29'9"" yd","9.58 m31'5"" yd","9.96 m32'8"" yd",1429304
Strokes Gained - Off the Tee,-0.182,0.243,-0.377,1.205,0.889,1429304
Strokes Gained - Approach the Green,-1.710,0.501,0.011,0.841,-0.357,1429304
Strokes Gained - Around the Green,-0.065,1.170,-0.505,0.561,1.161,1429304
Strokes Gained - Putting,2.480,-3.236,-1.603,0.085,-2.274,1429304
Strokes Gained - Total,0.523,-1.322,-2.474,2.692,-0.581,1429304
Eagles,0,1,1,0,2,1444022
Birdies,2,2,4,1,9,1444022
Pars,13,9,13,14,49,1444022
Bogeys,3,6,0,3,12,1444022
Double Bogeys,0,0,0,0,0,1444022
Fairways Hit,9,7,7,8,31,1444022
Greens in Regulation,11,12,14,10,47,1444022
Scrambling,85.71,0.00,100.00,62.50,60.00,1444022
Total Putts,"0.77 m2'6"" yd","1.34 m4'5"" yd","1.58 m5'2"" yd","0.98 m3'2"" yd","1.17 m3'10"" yd",1444022
Sand Saves,1,0,0,0,1,1444022
Driving Distance,"235.5 m257.5 yd","236.3 m258.4 yd","240.8 m263.3 yd","230.5 m252.1 yd","235.8 m257.8 yd",1444022
Approach Shot Distance to Pin,"9.52 m31'3"" yd","12 m39'1"" yd","11 m35'5"" yd","12 m38'3"" yd","11 m35'11"" yd",1444022
Strokes Gained - Off the Tee,0.018,0.436,1.902,-0.084,2.272,1444022
Strokes Gained - Approach the Green,0.599,-2.632,1.662,0.181,-0.190,1444022
Strokes Gained - Around the Green,0.701,-0.960,-0.220,-0.778,-1.257,1444022
Strokes Gained - Putting,-1.809,-0.174,2.200,-2.630,-2.413,1444022
Strokes Gained - Total,-0.491,-3.330,5.544,-3.311,-1.588,1444022
Eagles,0,1,0,0,1,1447696
Birdies,3,5,5,9,22,1447696
Pars,13,11,11,6,41,1447696
Bogeys,2,1,2,3,8,1447696
Double Bogeys,0,0,0,0,0,1447696
Fairways Hit,12,12,11,13,48,1447696
Greens in Regulation,14,15,14,12,55,1447696
Scrambling,75.00,66.67,50.00,83.33,70.59,1447696
Total Putts,"0.92 m3'0"" yd","1.31 m4'3"" yd","1.84 m6'1"" yd","1.68 m5'6"" yd","1.44 m4'9"" yd",1447696
Sand Saves,0,0,0,0,0,1447696
Driving Distance,"227.6 m248.9 yd","231.7 m253.4 yd","229.0 m250.4 yd","217.8 m238.1 yd","226.5 m247.7 yd",1447696
Approach Shot Distance to Pin,"7.70 m25'3"" yd","8.80 m28'11"" yd","9.67 m31'9"" yd","8.36 m27'5"" yd","8.63 m28'4"" yd",1447696
Strokes Gained - Off the Tee,1.073,1.261,1.380,1.085,4.799,1447696
Strokes Gained - Approach the Green,0.875,0.953,-0.364,1.725,3.189,1447696
Strokes Gained - Around the Green,0.953,2.090,-0.089,0.410,3.364,1447696
Strokes Gained - Putting,-1.385,0.377,1.597,1.479,2.068,1447696
Strokes Gained - Total,1.516,4.681,2.524,4.699,13.420,1447696
Eagles,0,0,0,0,0,1452607
Birdies,3,1,5,1,10,1452607
Pars,11,16,10,14,51,1452607
Bogeys,2,1,3,2,8,1452607
Double Bogeys,2,0,0,0,2,1452607
Fairways Hit,6,9,8,9,32,1452607
Greens in Regulation,11,10,14,9,44,1452607
Scrambling,57.14,87.50,25.00,66.67,64.29,1452607
Total Putts,"1.30 m4'3"" yd","0.97 m3'2"" yd","1.85 m6'1"" yd","0.78 m2'7"" yd","1.22 m4'0"" yd",1452607
Sand Saves,1,0,0,1,2,1452607
Driving Distance,"223.4 m244.3 yd","227.3 m248.6 yd","229.8 m251.3 yd","221.0 m241.7 yd","225.4 m246.5 yd",1452607
Approach Shot Distance to Pin,"11 m35'2"" yd","10 m33'0"" yd","9.43 m30'11"" yd","14 m46'11"" yd","11 m36'6"" yd",1452607
Strokes Gained - Off the Tee,-1.158,0.449,0.461,-0.400,-0.648,1452607
Strokes Gained - Approach the Green,0.824,-1.487,-0.044,-3.925,-4.632,1452607
Strokes Gained - Around the Green,-1.028,1.022,-0.236,0.849,0.607,1452607
Strokes Gained - Putting,-1.127,-1.322,1.346,-1.852,-2.955,1452607
Strokes Gained - Total,-2.489,-1.338,1.527,-5.328,-7.628,1452607
Eagles,0,0,0,1,1,1452618
Birdies,1,5,4,4,14,1452618
Pars,13,11,10,11,45,1452618
Bogeys,4,2,4,2,12,1452618
Double Bogeys,0,0,0,0,0,1452618
Fairways Hit,7,7,8,9,31,1452618
Greens in Regulation,15,12,13,12,52,1452618
Scrambling,33.33,66.67,40.00,66.67,55.00,1452618
Total Putts,"0.84 m2'9"" yd","1.11 m3'8"" yd","1.32 m4'4"" yd","1.83 m6'0"" yd","1.27 m4'2"" yd",1452618
Sand Saves,0,0,1,3,4,1452618
Driving Distance,"236.2 m258.3 yd","229.6 m251.1 yd","228.3 m249.7 yd","226.9 m248.1 yd","230.3 m251.8 yd",1452618
Approach Shot Distance to Pin,"7.70 m25'3"" yd","9.53 m31'3"" yd","11 m35'8"" yd","12 m38'3"" yd","9.94 m32'7"" yd",1452618
Strokes Gained - Off the Tee,-0.374,-0.803,-0.396,0.800,-0.773,1452618
Strokes Gained - Approach the Green,2.359,1.443,-1.191,-0.392,2.219,1452618
Strokes Gained - Around the Green,0.800,1.006,0.830,0.302,2.938,1452618
Strokes Gained - Putting,-5.276,0.028,0.281,1.962,-3.005,1452618
Strokes Gained - Total,-2.491,1.674,-0.476,2.672,1.379,1452618
Eagles,0,0,0,0,0,1459960
Birdies,3,7,5,9,24,1459960
Pars,14,8,13,6,41,1459960
Bogeys,0,3,0,3,6,1459960
Double Bogeys,1,0,0,0,1,1459960
Fairways Hit,6,9,8,12,35,1459960
Greens in Regulation,12,14,16,14,56,1459960
Scrambling,83.33,100.00,100.00,25.00,75.00,1459960
Total Putts,"1.46 m4'9"" yd","1.65 m5'5"" yd","1.06 m3'6"" yd","1.55 m5'1"" yd","1.43 m4'8"" yd",1459960
Sand Saves,3,1,1,0,5,1459960
Driving Distance,"230.2 m251.7 yd","235.7 m257.7 yd","230.4 m251.9 yd","230.4 m251.9 yd","231.6 m253.3 yd",1459960
Approach Shot Distance to Pin,"10 m34'3"" yd","10 m34'3"" yd","7.97 m26'2"" yd","8.51 m27'11"" yd","9.34 m30'8"" yd",1459960
Strokes Gained - Off the Tee,-0.564,0.847,0.391,1.901,2.575,1459960
Strokes Gained - Approach the Green,0.686,0.879,4.073,1.481,7.119,1459960
Strokes Gained - Around the Green,-0.171,1.269,0.458,0.723,2.279,1459960
Strokes Gained - Putting,1.584,-0.335,-0.383,0.581,1.447,1459960
Strokes Gained - Total,1.535,2.660,4.539,4.686,13.420,1459960
Eagles,0,0,0,0,0,1462881
Birdies,1,3,5,2,11,1462881
Pars,13,8,10,9,40,1462881
Bogeys,4,4,3,6,17,1462881
Double Bogeys,0,3,0,1,4,1462881
Fairways Hit,7,4,7,4,22,1462881
Greens in Regulation,10,10,11,9,40,1462881
Scrambling,50.00,25.00,57.14,33.33,40.62,1462881
Total Putts,"1.39 m4'7"" yd","1.10 m3'7"" yd","1.05 m3'6"" yd","1.65 m5'5"" yd","1.30 m4'3"" yd",1462881
Sand Saves,0,0,0,0,0,1462881
Driving Distance,"238.6 m260.9 yd","246.4 m269.5 yd","235.2 m257.2 yd","228.3 m249.7 yd","237.1 m259.3 yd",1462881
Approach Shot Distance to Pin,"9.49 m31'2"" yd","11 m34'10"" yd","9.49 m31'2"" yd","13 m43'11"" yd","11 m35'3"" yd",1462881
Strokes Gained - Off the Tee,0.037,-1.607,0.433,-1.640,-2.777,1462881
Strokes Gained - Approach the Green,-1.907,-1.814,1.851,-1.457,-3.327,1462881
Strokes Gained - Around the Green,-1.047,-2.879,-1.470,-1.950,-7.346,1462881
Strokes Gained - Putting,0.428,-2.018,0.730,-2.282,-3.142,1462881
Strokes Gained - Total,-2.489,-8.318,1.544,-7.329,-16.592,1462881
Eagles,0,0,0,0,0,1465366
Birdies,3,4,3,8,18,1465366
Pars,11,9,11,9,40,1465366
Bogeys,3,4,4,1,12,1465366
Double Bogeys,1,1,0,0,2,1465366
Fairways Hit,5,10,3,7,25,1465366
Greens in Regulation,7,9,11,13,40,1465366
Scrambling,63.64,66.67,57.14,80.00,65.62,1465366
Total Putts,"0.87 m2'10"" yd","1.21 m4'0"" yd","1.54 m5'1"" yd","1.64 m5'5"" yd","1.32 m4'4"" yd",1465366
Sand Saves,1,0,0,1,2,1465366
Driving Distance,"221.8 m242.6 yd","226.2 m247.4 yd","220.6 m241.2 yd","224.4 m245.4 yd","223.2 m244.1 yd",1465366
Approach Shot Distance to Pin,"11 m35'9"" yd","11 m35'9"" yd","13 m42'7"" yd","7.49 m24'7"" yd","11 m34'8"" yd",1465366
Strokes Gained - Off the Tee,-1.610,0.638,-2.616,0.151,-3.437,1465366
Strokes Gained - Approach the Green,-2.212,-1.238,-0.443,1.881,-2.012,1465366
Strokes Gained - Around the Green,2.116,-0.223,-0.097,0.829,2.625,1465366
Strokes Gained - Putting,0.217,-2.511,1.694,2.840,2.240,1465366
Strokes Gained - Total,-1.489,-3.334,-1.462,5.701,-0.584,1465366
Eagles,0,1,0,0,1,1466032
Birdies,4,2,3,1,10,1466032
Pars,7,12,10,14,43,1466032
Bogeys,7,3,4,3,17,1466032
Double Bogeys,0,0,1,0,1,1466032
Fairways Hit,8,7,9,8,32,1466032
Greens in Regulation,9,11,9,6,35,1466032
Scrambling,33.33,57.14,44.44,75.00,54.05,1466032
Total Putts,"2.34 m7'8"" yd","1.68 m5'6"" yd","1.82 m5'11"" yd","1.29 m4'3"" yd","1.78 m5'10"" yd",1466032
Sand Saves,0,0,1,0,1,1466032
Driving Distance,"216.1 m236.3 yd","220.0 m240.6 yd","219.6 m240.1 yd","218.5 m239.0 yd","218.5 m239.0 yd",1466032
Approach Shot Distance to Pin,"10 m33'7"" yd","13 m42'6"" yd","11 m35'5"" yd","12 m40'4"" yd","12 m37'11"" yd",1466032
Strokes Gained - Off the Tee,-1.896,-1.692,-0.337,-0.702,-4.627,1466032
Strokes Gained - Approach the Green,-0.631,2.129,-2.625,-3.389,-4.516,1466032
Strokes Gained - Around the Green,-1.086,-1.861,-1.517,-1.168,-5.632,1466032
Strokes Gained - Putting,1.143,1.105,1.013,1.960,5.221,1466032
Strokes Gained - Total,-2.470,-0.319,-3.466,-3.299,-9.554,1466032
Eagles,0,0,0,0,0,1466405
Birdies,3,3,5,7,18,1466405
Pars,12,14,12,6,44,1466405
Bogeys,3,1,1,5,10,1466405
Double Bogeys,0,0,0,0,0,1466405
Fairways Hit,7,8,8,5,28,1466405
Greens in Regulation,11,12,17,12,52,1466405
Scrambling,57.14,100.00,0.00,50.00,65.00,1466405
Total Putts,"1.15 m3'9"" yd","0.92 m3'0"" yd","1.66 m5'5"" yd","1.59 m5'3"" yd","1.34 m4'5"" yd",1466405
Sand Saves,0,1,1,0,2,1466405
Driving Distance,"237.9 m260.2 yd","237.4 m259.6 yd","231.0 m252.6 yd","215.7 m235.9 yd","230.5 m252.1 yd",1466405
Approach Shot Distance to Pin,"9.89 m32'5"" yd","10 m33'0"" yd","8.00 m26'3"" yd","11 m35'10"" yd","9.71 m31'10"" yd",1466405
Strokes Gained - Off the Tee,-0.228,0.083,0.543,-2.695,-2.297,1466405
Strokes Gained - Approach the Green,0.119,-0.347,0.852,1.252,1.876,1466405
Strokes Gained - Around the Green,0.106,1.535,0.196,1.598,3.435,1466405
Strokes Gained - Putting,0.536,-0.598,1.926,0.524,2.388,1466405
Strokes Gained - Total,0.533,0.673,3.517,0.679,5.402,1466405
Eagles,0,1,0,0,1,1468121
Birdies,2,3,3,6,14,1468121
Pars,14,9,14,9,46,1468121
Bogeys,2,5,1,3,11,1468121
Double Bogeys,0,0,0,0,0,1468121
Fairways Hit,8,8,6,8,30,1468121
Greens in Regulation,10,11,17,12,50,1468121
Scrambling,75.00,42.86,100.00,50.00,59.09,1468121
Total Putts,"0.95 m3'1"" yd","1.67 m5'6"" yd","0.96 m3'2"" yd","1.48 m4'10"" yd","1.26 m4'2"" yd",1468121
Sand Saves,2,1,0,0,3,1468121
Driving Distance,"241.7 m264.4 yd","239.1 m261.4 yd","241.8 m264.4 yd","235.9 m257.9 yd","239.6 m262.0 yd",1468121
Approach Shot Distance to Pin,"11 m34'10"" yd","9.48 m31'1"" yd","11 m35'3"" yd","8.45 m27'9"" yd","9.82 m32'3"" yd",1468121
Strokes Gained - Off the Tee,1.143,0.347,0.243,0.933,2.666,1468121
Strokes Gained - Approach the Green,-1.506,-0.484,2.048,0.549,0.607,1468121
Strokes Gained - Around the Green,1.509,-0.853,0.262,0.751,1.669,1468121
Strokes Gained - Putting,-0.616,-0.343,-1.011,-0.552,-2.522,1468121
Strokes Gained - Total,0.530,-1.333,1.542,1.681,2.420,1468121
Eagles,0,0,0,0,0,1468275
Birdies,0,6,4,4,14,1468275
Pars,12,10,12,11,45,1468275
Bogeys,6,2,2,1,11,1468275
Double Bogeys,0,0,0,2,2,1468275
Fairways Hit,6,7,7,8,28,1468275
Greens in Regulation,7,13,12,11,43,1468275
Scrambling,54.55,60.00,66.67,57.14,58.62,1468275
Total Putts,"0.88 m2'11"" yd","2.06 m6'9"" yd","1.48 m4'10"" yd","1.13 m3'8"" yd","1.39 m4'7"" yd",1468275
Sand Saves,1,1,1,4,7,1468275
Driving Distance,"217.7 m238.1 yd","221.2 m241.9 yd","219.5 m240.0 yd","221.0 m241.6 yd","219.8 m240.4 yd",1468275
Approach Shot Distance to Pin,"12 m40'5"" yd","12 m38'0"" yd","8.62 m28'4"" yd","11 m34'10"" yd","11 m35'5"" yd",1468275
Strokes Gained - Off the Tee,-1.458,-0.405,-0.734,-0.193,-2.790,1468275
Strokes Gained - Approach the Green,-2.348,-0.335,1.132,-0.015,-1.566,1468275
Strokes Gained - Around the Green,-0.833,-0.101,-0.760,-1.250,-2.944,1468275
Strokes Gained - Putting,-0.848,3.505,1.903,-0.857,3.703,1468275
Strokes Gained - Total,-5.487,2.664,1.541,-2.315,-3.597,1468275
Eagles,0,0,0,0,0,1469355
Birdies,2,2,3,7,14,1469355
Pars,12,10,8,7,37,1469355
Bogeys,4,6,6,4,20,1469355
Double Bogeys,0,0,1,0,1,1469355
Fairways Hit,8,5,6,4,23,1469355
Greens in Regulation,11,10,12,11,44,1469355
Scrambling,71.43,50.00,16.67,42.86,46.43,1469355
Total Putts,"1.04 m3'5"" yd","0.90 m2'11"" yd","0.52 m1'9"" yd","1.81 m5'11"" yd","1.07 m3'6"" yd",1469355
Sand Saves,1,0,0,0,1,1469355
Driving Distance,"236.4 m258.6 yd","238.8 m261.1 yd","235.3 m257.4 yd","233.7 m255.6 yd","236.1 m258.2 yd",1469355
Approach Shot Distance to Pin,"12 m38'0"" yd","11 m36'1"" yd","10 m34'1"" yd","12 m38'6"" yd","11 m36'8"" yd",1469355
Strokes Gained - Off the Tee,0.631,-0.281,0.760,-0.113,0.997,1469355
Strokes Gained - Approach the Green,-0.325,-0.653,-0.961,0.920,-1.019,1469355
Strokes Gained - Around the Green,-0.317,-1.367,-0.042,-0.990,-2.716,1469355
Strokes Gained - Putting,-1.476,-3.011,-5.216,1.870,-7.833,1469355
Strokes Gained - Total,-1.487,-5.312,-5.459,1.687,-10.571,1469355
Eagles,0,0,1,0,1,1469359
Birdies,1,6,3,2,12,1469359
Pars,13,9,10,13,45,1469359
Bogeys,4,3,4,3,14,1469359
Double Bogeys,0,0,0,0,0,1469359
Fairways Hit,10,10,9,7,36,1469359
Greens in Regulation,14,12,13,16,55,1469359
Scrambling,25.00,50.00,40.00,0.00,35.29,1469359
Total Putts,"0.66 m2'2"" yd","1.61 m5'3"" yd","1.31 m4'4"" yd","0.64 m2'1"" yd","1.05 m3'5"" yd",1469359
Sand Saves,0,1,0,0,1,1469359
Driving Distance,"228.2 m249.6 yd","228.9 m250.4 yd","231.4 m253.1 yd","225.7 m246.8 yd","228.6 m249.9 yd",1469359
Approach Shot Distance to Pin,"7.86 m25'9"" yd","10 m34'0"" yd","11 m35'2"" yd","8.80 m28'10"" yd","9.44 m30'11"" yd",1469359
Strokes Gained - Off the Tee,0.549,0.868,0.696,0.570,2.683,1469359
Strokes Gained - Approach the Green,1.004,-0.381,-0.720,1.347,1.250,1469359
Strokes Gained - Around the Green,-0.024,0.133,-0.466,0.740,0.383,1469359
Strokes Gained - Putting,-3.993,1.065,1.017,-4.969,-6.880,1469359
Strokes Gained - Total,-2.464,1.685,0.527,-2.312,-2.564,1469359
Eagles,0,0,0,1,1,1481184
Birdies,2,5,5,5,17,1481184
Pars,11,11,12,11,45,1481184
Bogeys,5,2,1,1,9,1481184
Double Bogeys,0,0,0,0,0,1481184
Fairways Hit,11,11,9,11,42,1481184
Greens in Regulation,11,12,14,12,49,1481184
Scrambling,28.57,66.67,75.00,83.33,60.87,1481184
Total Putts,"0.77 m2'6"" yd","1.27 m4'2"" yd","1.48 m4'10"" yd","1.93 m6'4"" yd","1.36 m4'6"" yd",1481184
Sand Saves,0,0,2,0,2,1481184
Driving Distance,"240.1 m262.6 yd","237.4 m259.6 yd","240.7 m263.2 yd","233.7 m255.6 yd","238.0 m260.3 yd",1481184
Approach Shot Distance to Pin,"14 m46'7"" yd","7.96 m26'1"" yd","8.85 m29'0"" yd","9.38 m30'9"" yd","10 m33'2"" yd",1481184
Strokes Gained - Off the Tee,1.493,2.297,0.608,2.594,6.992,1481184
Strokes Gained - Approach the Green,-1.238,-0.119,0.363,-0.271,-1.265,1481184
Strokes Gained - Around the Green,0.025,0.134,1.085,0.316,1.560,1481184
Strokes Gained - Putting,-2.745,-0.643,1.474,2.049,0.135,1481184
Strokes Gained - Total,-2.465,1.669,3.530,4.688,7.422,1481184
Eagles,0,0,0,0,0,1481212
Birdies,5,4,5,1,15,1481212
Pars,10,10,10,14,44,1481212
Bogeys,3,4,1,2,10,1481212
Double Bogeys,0,0,2,1,3,1481212
Fairways Hit,9,7,9,8,33,1481212
Greens in Regulation,15,11,12,11,49,1481212
Scrambling,33.33,42.86,50.00,57.14,47.83,1481212
Total Putts,"1.18 m3'10"" yd","0.72 m2'4"" yd","1.14 m3'9"" yd","1.10 m3'7"" yd","1.03 m3'5"" yd",1481212
Sand Saves,2,0,1,1,4,1481212
Driving Distance,"239.2 m261.6 yd","240.1 m262.6 yd","241.3 m263.9 yd","240.5 m263.0 yd","240.3 m262.8 yd",1481212
Approach Shot Distance to Pin,"12 m39'1"" yd","13 m42'1"" yd","10 m33'8"" yd","9.63 m31'7"" yd","11 m36'8"" yd",1481212
Strokes Gained - Off the Tee,1.069,0.799,1.035,0.122,3.025,1481212
Strokes Gained - Approach the Green,1.185,0.226,0.178,-1.782,-0.193,1481212
Strokes Gained - Around the Green,-0.603,-1.079,-1.183,-1.008,-3.873,1481212
Strokes Gained - Putting,0.864,-1.268,-0.490,-1.640,-2.534,1481212
Strokes Gained - Total,2.515,-1.322,-0.460,-4.308,-3.575,1481212
Eagles,0,0,0,1,1,1483660
Birdies,3,8,5,4,20,1483660
Pars,13,8,12,10,43,1483660
Bogeys,1,2,1,3,7,1483660
Double Bogeys,1,0,0,0,1,1483660
Fairways Hit,6,8,6,6,26,1483660
Greens in Regulation,8,13,13,10,44,1483660
Scrambling,80.00,60.00,100.00,75.00,78.57,1483660
Total Putts,"1.06 m3'6"" yd","1.95 m6'5"" yd","1.70 m5'7"" yd","2.08 m6'10"" yd","1.69 m5'7"" yd",1483660
Sand Saves,1,1,0,0,2,1483660
Driving Distance,"235.8 m257.9 yd","227.2 m248.5 yd","227.4 m248.7 yd","222.1 m242.9 yd","228.1 m249.5 yd",1483660
Approach Shot Distance to Pin,"8.62 m28'3"" yd","11 m35'8"" yd","11 m37'6"" yd","11 m34'6"" yd","10 m33'11"" yd",1483660
Strokes Gained - Off the Tee,-1.171,-0.798,-0.290,-0.931,-3.190,1483660
Strokes Gained - Approach the Green,1.329,2.108,0.203,0.825,4.465,1483660
Strokes Gained - Around the Green,1.718,-0.007,0.705,-0.814,1.602,1483660
Strokes Gained - Putting,-1.356,3.366,2.929,2.621,7.560,1483660
Strokes Gained - Total,0.520,4.669,3.547,1.701,10.437,1483660
Eagles,0,0,0,1,1,1483664
Birdies,5,5,3,5,18,1483664
Pars,8,11,10,8,37,1483664
Bogeys,5,2,5,4,16,1483664
Double Bogeys,0,0,0,0,0,1483664
Fairways Hit,8,10,5,6,29,1483664
Greens in Regulation,9,15,11,13,48,1483664
Scrambling,55.56,33.33,42.86,60.00,50.00,1483664
Total Putts,"1.32 m4'4"" yd","1.00 m3'3"" yd","0.97 m3'2"" yd","1.20 m3'11"" yd","1.12 m3'8"" yd",1483664
Sand Saves,1,1,0,2,4,1483664
Driving Distance,"225.7 m246.8 yd","231.7 m253.4 yd","226.8 m248.1 yd","223.3 m244.2 yd","226.9 m248.1 yd",1483664
Approach Shot Distance to Pin,"11 m37'8"" yd","8.84 m29'0"" yd","14 m44'7"" yd","12 m38'6"" yd","11 m37'5"" yd",1483664
Strokes Gained - Off the Tee,-1.187,1.003,-1.479,-0.264,-1.927,1483664
Strokes Gained - Approach the Green,1.313,1.671,-1.515,1.516,2.985,1483664
Strokes Gained - Around the Green,-1.341,-0.103,0.384,1.539,0.479,1483664
Strokes Gained - Putting,1.728,-0.901,0.143,-1.110,-0.140,1483664
Strokes Gained - Total,0.513,1.670,-2.467,1.681,1.397,1483664
Eagles,0,0,0,0,0,1866829
Birdies,4,4,1,2,11,1866829
Pars,12,12,15,13,52,1866829
Bogeys,2,2,2,3,9,1866829
Double Bogeys,0,0,0,0,0,1866829
Fairways Hit,12,6,10,9,37,1866829
Greens in Regulation,12,14,11,9,46,1866829
Scrambling,66.67,75.00,71.43,66.67,69.23,1866829
Total Putts,"0.95 m3'1"" yd","1.49 m4'11"" yd","1.34 m4'5"" yd","1.26 m4'1"" yd","1.25 m4'1"" yd",1866829
Sand Saves,0,1,1,1,3,1866829
Driving Distance,"232.8 m254.6 yd","224.6 m245.6 yd","229.1 m250.6 yd","226.3 m247.4 yd","228.2 m249.6 yd",1866829
Approach Shot Distance to Pin,"7.98 m26'2"" yd","9.21 m30'3"" yd","15 m48'0"" yd","11 m35'4"" yd","11 m34'11"" yd",1866829
Strokes Gained - Off the Tee,1.204,-1.076,0.591,1.486,2.205,1866829
Strokes Gained - Approach the Green,0.328,0.903,-2.738,-2.013,-3.520,1866829
Strokes Gained - Around the Green,0.725,0.907,-0.251,-0.641,0.740,1866829
Strokes Gained - Putting,0.272,-0.064,0.927,-1.159,-0.024,1866829
Strokes Gained - Total,2.529,0.670,-1.471,-2.327,-0.599,1866829
